INSERT INTO dbo.BACSI
(
    MABS,
    HOBS,
    TENBS,
    DIACHIBS,
    GTBS,
    NSBS,
    SDTBS
)
VALUES
(   'BS001',        -- MABS - char(10)
    N'Nguyễn Hữu',       -- HOBS - nvarchar(15)
    N'Long',       -- TENBS - nvarchar(15)
    N'Hà Nội',       -- DIACHIBS - nvarchar(40)
    N'Nam',       -- GTBS - nvarchar(10)
    '10-30-2000', -- NSBS - date
    '01015638'         -- SDTBS - char(10)
    )
INSERT INTO dbo.BACSI
(
    MABS,
    HOBS,
    TENBS,
    DIACHIBS,
    GTBS,
    NSBS,
    SDTBS
)
VALUES
	('BS002',N'Trần Quang',N'Thái',N'Thái Bình',N'Nam','05-09-2000','01016067'),
	('BS003',N'Nguyễn Huy',N'Tuân',N'Hà Nam',N'Nam','11-29-2000','01018450'),
	('BS004',N'Trần Tuấn',N'Cường',N'Nam Định',N'Nam','06-08-2000','01031852'),
	('BS005',N'Phạm Tiến',N'Dũng',N'Bắc Ninh',N'Nam','11-12-2000','01031886'),
	('BS006',N'Cao Sông',N'Thao',N'Hải Dương',N'Nam','02-15-2000','01032835'),
	('BS007',N'Đàm Đức',N'Long',N'Bắc Giang',N'Nam','09-02-2000','01036889'),
	('BS008',N'Phạm Huy',N'Hùng',N'Hà Giang',N'Nam','09-26-2000','01040017'),
	('BS009',N'Lương Xuân',N'Hiệp',N'Thanh Hoá',N'Nam','06-09-2000','01041739'),
	('BS010',N'Nguyễn Thành',N'Tuân',N'Hà Nội',N'Nam','05-26-2000','01042875')

INSERT INTO dbo.KHACHHANG
(
    MAKH,
    HOKH,
    TENKH,
    DIACHIKH,
    GTKH,
    NSKH,
    NGUOIBT,
    SDTKH
)
VALUES
(   'KH001',        -- MAKH - char(10)
    N'Đào Minh',       -- HOKH - nvarchar(15)
    N'Hiếu',       -- TENKH - nvarchar(15)
    N'Lào Cai',       -- DIACHIKH - nvarchar(40)
    N'Nam',       -- GTKH - nvarchar(10)
    '03-17-2000', -- NSKH - date
    N'',       -- NGUOIBT - nvarchar(30)
    '01044409'         -- SDTKH - char(10)
    ),

	('KH002',N'Đinh Công',N'Hiển',N'Phú Thọ',N'Nam','03-02-2000',N'','01046854'),
	('KH003',N'Đỗ Minh',N'Hiếu',N'Nghệ An',N'Nam','11-29-2000',N'','01051635'),
	('KH004',N'Nguyễn Hữu',N'Long',N'Đà Nẵng',N'Nam','08-09-2000',N'','01051769'),
	('KH005',N'Nguyễn Đình',N'Phượng',N'Hà Tĩnh',N'Nam','01-31-2000',N'','01051874'),
	('KH006',N'Nguyễn Khánh',N'Châu',N'Nam Định',N'Nam','02-07-2000',N'','01054292'),
	('KH007',N'Tạ Quang',N'Minh',N'Hà Nội',N'Nam','02-26-2000',N'','01056797'),
	('KH008',N'Lê Hữu',N'Trung',N'Phú Thọ',N'Nam','02-28-2000',N'','01057059'),
	('KH009',N'Cao Thái',N'Sơn',N'Cao Bằng',N'Nam','02-27-2000',N'','01059069'),
	('KH010',N'Nguyễn Đức',N'Tài',N'Bắc Ninh',N'Nam','09-14-2000',N'','01059075'),
	('KH011',N'Nguyễn Trung',N'Đức',N'Hà Nam',N'Nam','04-02-2000',N'','01062566'),
	('KH012',N'Bùi Ngọc',N'Đại',N'Thái Bình',N'Nam','06-27-2000',N'','01064609'),
	('KH013',N'Vũ Hoàng',N'Anh',N'Ninh Bình',N'Nam','10-12-2000',N'','01069408'),
	('KH014',N'Vũ Minh',N'Quang',N'Nam Định',N'Nam','09-14-2000',N'','01070220'),
	('KH015',N'Nguyễn Tiến',N'Dũng',N'Phú Thọ',N'Nam','10-29-2000',N'','01071865'),
	('KH016',N'Phạm Tuấn',N'Thành',N'Cao Bằng',N'Nam','12-15-2000',N'','01074839'),
	('KH017',N'Trần Công',N'Duy',N'Hà Nội',N'Nam','09-08-1999',N'','01075689'),
	('KH018',N'Hoàng Anh',N'Quý',N'Thái Bình',N'Nam','08-11-1999',N'','01076383'),
	('KH019',N'Dương Văn',N'Dần',N'Thái Nguyên',N'Nam','06-28-1998',N'','01078369'),
	('KH020',N'Nguyễn Kim',N'Hùng',N'Hà Nội',N'Nam','08-25-1999',N'','01078618')

INSERT INTO dbo.NHANVIEN
(
    MANV,
    HONV,
    TENNV,
    DIACHINV,
    GTNV,
    NSNV,
    SDTNV
)
VALUES
(   'NV001',        -- MANV - char(10)
    N'Nguyễn Văn',       -- HONV - nvarchar(15)
    N'Trung',       -- TENNV - nvarchar(15)
    N'Phú Thọ',       -- DIACHINV - nvarchar(40)
    N'Nam',       -- GTNV - nvarchar(10)
    '08-16-2000', -- NSNV - date
    '02000710'         -- SDTNV - char(10)
    ),

	('NV002',N'Lê Ngọc',N'Long',N'Ninh Bình',N'Nam','07-01-2000','02029210'),
	('NV003',N'Lê Hoài',N'Bắc',N'Thái Bình Bình',N'Nam','08-01-2000','02044275'),
	('NV004',N'Nguyễn Việt',N'Hoàng',N'Nghệ An',N'Nam','01-04-2000','02055716'),
	('NV005',N'Tăng Thành',N'Nhân',N'Hà Tĩnh',N'Nam','09-17-2000','02045419'),
	('NV006',N'Võ Quốc',N'Phong',N'Ninh Bình',N'Nam','10-11-2000','02045544'),
	('NV007',N'Đặng Hồng',N'Phúc',N'Nam Định',N'Nam','01-29-2000','02045556'),
	('NV008',N'Vũ Ngọc',N'Thái',N'Bắc Ninh',N'Nam','05-20-2000','02045771'),
	('NV009',N'Nguyễn Văn',N'Trọng',N'Bắc Giang',N'Nam','01-29-2000','03006782'),
	('NV010',N'Nguyễn Tiến',N'Dũng',N'Quảng Ninh',N'Nam','02-22-2000','03009148')

INSERT INTO dbo.KHO
(
    MAKHO,
    SUCCHUA
)
VALUES
(   'K01', -- MAKHO - char(10)
    200  -- SUCCHUA - int
    ),
	('K02',200),
	('K03',200),
	('K04',200),
	('K05',200)

INSERT INTO dbo.LOAIVACCIN
(
    MALOAIVC,
    CHUNGLOAI,
    CONGDUNG,
    MAKHO
)
VALUES
(   'LVC001',  -- MALOAIVC - char(15)
    N'Vắc xin phòng Lao', -- CHUNGLOAI - nvarchar(20)
    N'Phòng ngừa các hình thái lao nguy hiểm', -- CONGDUNG - nvarchar(40)
    'K01'   -- MAKHO - char(10)
),
	('LVC002',N'Vắc xin phòng Viêm gan B',N'Ngăn ngừa bệnh viêm gan B và các hậu quả như xơ gan, ung thư gan','K02'),
	('LVC003',N'Vắc xin phòng thủy đậu',N' Tạo miễn dịch chủ động, phòng ngừa bệnh thủy đậu','K03'),
	('LVC004',N'Vắc xin phòng cúm',N'kích thích cơ thể sinh đáp ứng miễn dịch, tạo ra các kháng thể phòng cúm','K04'),
	('LVC005',N'Vắc xin phòng dại',N' Phòng ngừa ở các đối tượng có nguy cơ phơi nhiễm virus dại cao','K05')

INSERT INTO dbo.VACCIN
(
    MAVC,
    TENVC,
    DONGIA,
    DONVITINH,
    NUOCSX,
    NSX,
    HSD,
    SLTK,
    MALOAIVC
)
VALUES
('VC101',N'BCG',125000,1,N'Việt Nam','05-12-2021','05-12-2022',50,'LVC001'),
('VC102',N'Euvax B',116000,0.5,N'Hàn Quốc','05-12-2021','05-12-2022',60,'LVC002'),
('VC202',N'Engerix B',190000,0.5,N'Bỉ','05-12-2021','05-12-2022',100,'LVC002'),
('VC302',N'Hepavax Gene',145000,0.5,N'Hàn Quốc','05-12-2021','05-12-2022',70,'LVC002'),
('VC103',N'Varivax',915000,1,N'Mỹ','05-12-2021','05-12-2022',50,'LVC003'),
('VC203',N'Varilrix',945000,1,N'Bỉ','05-12-2021','05-12-2022',30,'LVC003'),
('VC303',N'Varicella',700000,1,N'Hàn Quốc','05-12-2021','05-12-2023',50,'LVC003'),
('VC104',N'Vaxigrip',305000,0.25,N'Pháp','05-12-2021','05-12-2023',100,'LVC004'),
('VC204',N'Influvac',348000,0.5,N'Hà Lan','05-12-2021','05-12-2022',50,'LVC004'),
('VC304',N'GC Flu',240000,0.5,N'Hàn Quốc','05-12-2021','05-12-2022',100,'LVC004'),
('VC404',N'Ivacflu-S',190000,0.5,N'Việt Nam','05-12-2021','05-12-2022',50,'LVC004'),
('VC105',N'Verorab',323000,0.5,N'Pháp','05-12-2021','05-12-2022',100,'LVC005'),
('VC205',N'Abhayrab TB',255000,0.5,N'Ấn Độ','05-12-2021','05-12-2022',70,'LVC005'),
('VC305',N'Abhayrab TTD',215000,0.2,N'Ấn Độ','05-12-2021','05-12-2022',70,'LVC005')


INSERT INTO dbo.HOADON
(
    MAHD,
    TONGTIEN,
    NGAYTT,
    MAPT
)
VALUES
('HD001',1250000,'2021-02-22','PT001'),
('HD002',520000,'2021-03-23','PT002'),
('HD003',250000,'2021-03-24','PT003'),
('HD004',750000,'2021-01-24','PT004'),
('HD005',750000,'2021-02-22','PT005')

INSERT INTO dbo.PHIEUKTSK
(
    MAPHIEUKTSK,
    NGAYKT,
    NOIDUNG,
    MAKH,
	MABS
)
VALUES
('KT001', '2021-02-22', 'Kiểm tra tim mạch', 'KH001', 'BS001'),
('KT002', '2021-02-22', 'Kiểm tra huyết áp', 'KH002', 'BS002'),
('KT003', '2021-02-22', 'Kiểm tra hệ thống miễn dịch', 'KH003', 'BS003'),
('KT004', '2021-02-22', 'Kiểm tra hệ thần kinh', 'KH004', 'BS004'),
('KT005', '2021-02-22', 'Kiểm tra máu', 'KH005', 'BS005')

INSERT INTO dbo.KHACHHANG
(
    MAKH,
    HOKH,
    TENKH,
    DIACHIKH,
    GTKH,
    NSKH,
    NGUOIBT,
    SDTKH
)
VALUES
('KH021',	N'Nguyễn Trung',	N'Anh',	N'Hà Giang',	N'Nam',	'1986-02-14',	N'',	'08003040'),
('KH022',	N'Nguyễn Đình',	N'Long',	N'Yên Bái',	N'Nam',	'1985-11-02',	N'',	'09000119'),
('KH023',	N'Phùng Hoàng',	N'Hoàng',	N'Nghệ An',	N'Nam',	'1977-11-16',	N'',	'09000365'),
('KH024',	N'Vũ Hoàng',	N'Thành',	N'Kon Tum',	N'Nam',	'1974-10-06',	N'',	'09000437'),
('KH025',	N'Nguyễn Đình',	N'Tuân',	N'Hà Nam',	N'Nam',	'1980-10-30',	N'',	'10000154'),
('KH026',	N'Bùi Văn',	N'Thái',	N'Thừa Thiên Huế',	N'Nam',	'1971-07-05',	N'',	'10000244'),
('KH027',	N'Giang Văn',	N'Duy ',	N'Tây Ninh',	N'Nam',	'1983-12-06',	N'',	'10000323'),
('KH028',	N'Nguyễn Đức',	N'Tuấn',	N'Tuyên Quang',	N'Nam',	'1987-03-05',	N'',	'10001169'),
('KH029',	N'Nguyễn Đình',	N'Khôi',	N'Bà rịa – Vũng tàu',	N'Nam',	'1976-08-31',	N'',	'10001488'),
('KH030',	N'Ngô Quang ',	N'Hải',	N'Bạc Liêu',	N'Nam',	'1983-09-06',	N'',	'12001254'),
('KH031',	N'Triệu Văn',	N'Quyết',	N'Kiên Giang',	N'Nam',	'1977-10-09',	N'',	'12003897'),
('KH032',	N'Trần Tấn',	N'Hoàng',	N'Trà Vinh',	N'Nam',	'1984-06-09',	N'',	'12004521'),
('KH033',	N'Nguyễn Tiến',	N'Nhật',	N'Hà Nội ',	N'Nam',	'1989-04-17',	N'',	'12004622'),
('KH034',	N'Trần Văn',	N'Kiệt',	N'Đà Nẵng',	N'Nam',	'1970-03-31',	N'',	'12004997'),
('KH035',	N'Trần Đào',	N'Trường',	N'Đắk Nông',	N'Nam',	'1979-06-13',	N'',	'12006227'),
('KH036',	N'Trần Đào',	N'Kiệt',	N'Điện Biên',	N'Nam',	'1979-12-14',	N'',	'12009494'),
('KH037',	N'Nguyễn Đức',	N'Hiếu',	N'Hưng Yên',	N'Nam',	'1975-02-23',	N'',	'12012770'),
('KH038',	N'Nguyễn Thanh',	N'Phương',	N'Bình Định',	N'Nam',	'1985-04-01',	N'',	'12013667'),
('KH039',	N'Nguyễn Tiến',	N'Kiệt',	N'Ninh Bình',	N'Nam',	'1983-06-03',	N'',	'12013887'),
('KH040',	N'Trần Tấn',	N'Kiệt',	N'Bà rịa – Vũng tàu',	N'Nam',	'1976-03-03',	N'',	'12014077'),
('KH041',	N'Nguyễn Minh',	N'Khôi',	N'An Giang',	N'Nam',	'1971-07-26',	N'',	'13000062'),
('KH042',	N'Lý Kinh',	N'Phương',	N'Điện Biên',	N'Nam',	'1975-08-02',	N'',	'13004960'),
('KH043',	N'Nguyễn Đình',	N'Khôi',	N'Gia Lai',	N'Nam',	'1982-03-01',	N'',	'14001480'),
('KH044',	N'Lương Hải',	N'Thắng',	N'Quảng Nam',	N'Nam',	'1983-09-29',	N'',	'14006416'),
('KH045',	N'Trương Hải',	N'Long',	N'Lâm Đồng',	N'Nam',	'1980-04-19',	N'',	'15000088'),
('KH046',	N'Huỳnh Trọng ',	N'Sơn',	N'An Giang',	N'Nam',	'1970-09-05',	N'',	'15000187'),
('KH047',	N'Văn Doãn',	N'Long',	N'Bình Dương',	N'Nam',	'1981-07-06',	N'',	'15000220'),
('KH048',	N'Bùi Xuân',	N'Hưng',	N'Nghệ An',	N'Nam',	'1979-12-29',	N'',	'15000221'),
('KH049',	N'Nguyễn Văn',	N'Tuân',	N'Thành phố Hồ Chí Minh',	N'Nam',	'1974-04-13',	N'',	'15000313'),
('KH050',	N'Nguyễn Thanh',	N'Toàn',	N'Bình Dương',	N'Nam',	'1970-11-15',	N'',	'15000756'),
('KH051',	N'Nguyễn Trung',	N'Trung',	N'Bến Tre',	N'Nam',	'1979-07-27',	N'',	'15001260'),
('KH052',	N'Nguyễn Huy',	N'Trọng ',	N'Quảng Bình',	N'Nam',	'1975-06-20',	N'',	'15003030'),
('KH053',	N'Ngô Phúc',	N'Bình',	N'Quảng Nam',	N'Nam',	'1970-04-09',	N'',	'15004176'),
('KH054',	N'Triệu Việt',	N'Hiếu',	N'Phú Yên',	N'Nam',	'1975-09-02',	N'',	'15004340'),
('KH055',	N'Phùng Hoàng',	N'Thái',	N'Thanh Hóa',	N'Nam',	'1986-03-21',	N'',	'15005288'),
('KH056',	N'Trần Quang',	N'Tuân',	N'Sóc Trăng',	N'Nam',	'1984-03-01',	N'',	'15007532'),
('KH057',	N'Nguyễn Văn',	N'Phương',	N'Nghệ An',	N'Nam',	'1970-05-16',	N'',	'15008213'),
('KH058',	N'Nguyễn Đình',	N'Thông',	N'Cao Bằng ',	N'Nam',	'1983-03-25',	N'',	'15008430'),
('KH059',	N'Nguyễn Đức',	N'Anh',	N'Hà Tĩnh',	N'Nam',	'1988-12-03',	N'',	'15008525'),
('KH060',	N'Lương Hải',	N'Trọng ',	N'Kon Tum',	N'Nam',	'1985-09-19',	N'',	'15008544'),
('KH061',	N'Nguyễn Công',	N'Bảo',	N'Tuyên Quang',	N'Nam',	'1987-06-27',	N'',	'15009937'),
('KH062',	N'Nguyễn Văn',	N'Hưng',	N'Đắk Lắk',	N'Nam',	'1972-11-01',	N'',	'15012357'),
('KH063',	N'Phan Thanh',	N'Kiệt',	N'Hải Phòng',	N'Nam',	'1988-12-27',	N'',	'16000107'),
('KH064',	N'Triệu Việt',	N'Trung',	N'Sơn La',	N'Nam',	'1986-05-14',	N'',	'16001572'),
('KH065',	N'Nguyễn Thành',	N'Thắng',	N'Bắc Giang',	N'Nam',	'1972-06-19',	N'',	'16002719'),
('KH066',	N'Lương Hải',	N'Hoàng',	N'Quảng Ninh',	N'Nam',	'1975-01-26',	N'',	'16003217'),
('KH067',	N'Trần Tuấn',	N'Trọng ',	N'Bến Tre',	N'Nam',	'1975-03-18',	N'',	'16003234'),
('KH068',	N'Lê Ngọc',	N'Phú',	N'Hà Nội ',	N'Nam',	'1978-09-20',	N'',	'16003280'),
('KH069',	N'Nguyễn Trung',	N'Nhật',	N'Thái Bình',	N'Nam',	'1976-02-06',	N'',	'16003528'),
('KH070',	N'Mai Việt',	N'Thái',	N'Bến Tre',	N'Nam',	'1975-12-17',	N'',	'16003575'),
('KH071',	N'Vũ Ngọc',	N'Thắng',	N'Cà Mau',	N'Nam',	'1988-04-18',	N'',	'16003599'),
('KH072',	N'Trần Đào',	N'Phương',	N'Nam Định',	N'Nam',	'1978-04-21',	N'',	'16004240'),
('KH073',	N'Phan Minh',	N'Ngọc',	N'Hải Phòng',	N'Nam',	'1976-07-07',	N'',	'16006782'),
('KH074',	N'Trương Hải',	N'Toàn',	N'Ninh Thuận',	N'Nam',	'1988-06-09',	N'',	'16009759'),
('KH075',	N'Trần Quang',	N'Hưng',	N'Vĩnh Long',	N'Nam',	'1977-12-10',	N'',	'16010188'),
('KH076',	N'Đoàn Văn',	N'Quyết',	N'Trà Vinh',	N'Nam',	'1983-12-31',	N'',	'16010191'),
('KH077',	N'Nguyễn Thanh',	N'Trọng ',	N'Lạng Sơn',	N'Nam',	'1982-09-05',	N'',	'16010201'),
('KH078',	N'Trần Quang',	N'Quyết',	N'Đồng Nai',	N'Nam',	'1972-11-22',	N'',	'16011114'),
('KH079',	N'Nguyễn Tiến',	N'Long',	N'Đắk Lắk',	N'Nam',	'1988-10-10',	N'',	'16012167'),
('KH080',	N'Trần Tuấn',	N'Hưng',	N'Ninh Thuận',	N'Nam',	'1984-11-28',	N'',	'17002707'),
('KH081',	N'Bùi Xuân',	N'Bình',	N'Bình Định',	N'Nam',	'1970-11-16',	N'',	'17004252'),
('KH082',	N'Vũ Ngọc',	N'Thiện',	N'Hà Nam',	N'Nam',	'1980-06-23',	N'',	'17013850'),
('KH083',	N'Phan Minh',	N'Hiếu',	N'Cần Thơ',	N'Nam',	'1979-12-29',	N'',	'17013852'),
('KH084',	N'Bùi Xuân',	N'Sơn',	N'Bắc Ninh',	N'Nam',	'1983-04-25',	N'',	'18000024'),
('KH085',	N'Bùi Xuân',	N'Phương',	N'Hưng Yên',	N'Nam',	'1985-04-01',	N'',	'18001163'),
('KH086',	N'Lưu Duy',	N'Sơn',	N'Quảng Trị',	N'Nam',	'1976-08-31',	N'',	'18004108'),
('KH087',	N'Phạm Thanh',	N'Nhật',	N'Ninh Bình',	N'Nam',	'1986-04-14',	N'',	'18004184'),
('KH088',	N'Phạm Đinh',	N'Phương',	N'Bắc Ninh',	N'Nam',	'1971-03-20',	N'',	'18004948'),
('KH089',	N'Trần Đào',	N'Phương',	N'Bạc Liêu',	N'Nam',	'1972-05-30',	N'',	'18007130'),
('KH090',	N'Phùng Hoàng',	N'Khôi',	N'Lạng Sơn',	N'Nam',	'1979-09-05',	N'',	'18008307'),
('KH091',	N'Hà Việt',	N'Hiếu',	N'Kiên Giang',	N'Nam',	'1980-08-18',	N'',	'18009387'),
('KH092',	N'Nguyễn Đình',	N'Dũng ',	N'Đắk Lắk',	N'Nam',	'1985-08-19',	N'',	'18009511'),
('KH093',	N'Đỗ Cao',	N'Thông',	N'Kon Tum',	N'Nam',	'1979-07-20',	N'',	'18011281'),
('KH094',	N'Trần Đào',	N'Thành',	N'Hưng Yên',	N'Nam',	'1971-07-28',	N'',	'18013942'),
('KH095',	N'Nguyễn Văn',	N'Dũng ',	N'Điện Biên',	N'Nam',	'1984-05-19',	N'',	'18017601'),
('KH096',	N'Lê Trần',	N'Anh',	N'Quảng Ninh',	N'Nam',	'1979-05-21',	N'',	'18017828'),
('KH097',	N'Nguyễn Minh',	N'Thiện',	N'Tuyên Quang',	N'Nam',	'1970-07-31',	N'',	'19000019'),
('KH098',	N'Phùng Hoàng',	N'Toàn',	N'Khánh Hòa',	N'Nam',	'1986-07-26',	N'',	'19003191'),
('KH099',	N'Đặng Đình',	N'Tuân',	N'Đắk Nông',	N'Nam',	'1986-07-01',	N'',	'19003466'),
('KH100',	N'Phan Minh',	N'Thiện',	N'Quảng Bình',	N'Nam',	'1989-03-01',	N'',	'19003658'),
('KH101',	N'Phạm Thanh',	N'Toàn',	N'Bắc Kạn',	N'Nam',	'1984-03-23',	N'',	'19003745'),
('KH102',	N'Đỗ Xuân',	N'Thắng',	N'Hà Nội ',	N'Nam',	'1979-01-31',	N'',	'19010492'),
('KH103',	N'Vũ Hoàng',	N'Toàn',	N'Trà Vinh',	N'Nam',	'1981-01-06',	N'',	'19010639'),
('KH104',	N'Nguyễn Thanh',	N'Thái',	N'Quảng Nam',	N'Nam',	'1985-07-06',	N'',	'19010805'),
('KH105',	N'Lý Kinh',	N'Khôi',	N'Quảng Ninh',	N'Nam',	'1982-08-28',	N'',	'19012413'),
('KH106',	N'Nguyễn Thành',	N'Hoàng',	N'Bình Thuận',	N'Nam',	'1982-03-27',	N'',	'19014366'),
('KH107',	N'Lê Ngọc',	N'Thái',	N'An Giang',	N'Nam',	'1974-01-01',	N'',	'21000004'),
('KH108',	N'Phùng Hoàng',	N'Trọng ',	N'Hà Nam',	N'Nam',	'1976-05-21',	N'',	'21000064'),
('KH109',	N'Trần Quang',	N'Phương',	N'Vĩnh Phúc',	N'Nam',	'1976-04-05',	N'',	'21003528'),
('KH110',	N'Nguyễn Thành',	N'Long',	N'Bắc Giang',	N'Nam',	'1983-09-27',	N'',	'21006201'),
('KH111',	N'Trần Đào',	N'Khôi',	N'Hà Nam',	N'Nam',	'1974-12-27',	N'',	'21006460'),
('KH112',	N'Đoàn Văn',	N'Long',	N'Ninh Bình',	N'Nam',	'1973-11-04',	N'',	'21007082'),
('KH113',	N'Trương Hải',	N'Phương',	N'Vĩnh Phúc',	N'Nam',	'1974-12-06',	N'',	'21011362'),
('KH114',	N'Lý Kinh',	N'Bình',	N'Hà Giang',	N'Nam',	'1972-07-29',	N'',	'21012088'),
('KH115',	N'Vũ Văn',	N'Quyết',	N'Hà Giang',	N'Nam',	'1977-11-19',	N'',	'21012645'),
('KH116',	N'Trần Đào',	N'Toàn',	N'Lào Cai',	N'Nam',	'1976-10-27',	N'',	'21014309'),
('KH117',	N'Nguyễn Thanh',	N'Nhật',	N'Kon Tum',	N'Nam',	'1988-08-17',	N'',	'22000937'),
('KH118',	N'Phan Minh',	N'Nhật',	N'Đồng Tháp',	N'Nam',	'1974-07-13',	N'',	'22001285'),
('KH119',	N'Bùi Nguyễn',	N'Huy',	N'Bình Định',	N'Nam',	'1982-11-01',	N'',	'22001771'),
('KH120',	N'Nguyễn Đình',	N'Huy',	N'Hải Phòng',	N'Nam',	'1988-03-10',	N'',	'22002034'),
('KH121',	N'Huỳnh Trọng ',	N'Phương',	N'Bắc Ninh',	N'Nam',	'1988-05-21',	N'',	'22002793'),
('KH122',	N'Đặng Đình',	N'Hưng',	N'Trà Vinh',	N'Nam',	'1984-08-23',	N'',	'22004907'),
('KH123',	N'Vũ Hoàng',	N'Bình',	N'Trà Vinh',	N'Nam',	'1970-01-29',	N'',	'22005993'),
('KH124',	N'Vũ Văn',	N'Thiện',	N'Bến Tre',	N'Nam',	'1978-02-20',	N'',	'22005999'),
('KH125',	N'Lưu Duy',	N'Anh',	N'Thanh Hóa',	N'Nam',	'1972-05-21',	N'',	'22007123'),
('KH126',	N'Văn Doãn',	N'Anh',	N'Đắk Lắk',	N'Nam',	'1976-06-12',	N'',	'22007916'),
('KH127',	N'Nguyễn Kim',	N'Bình',	N'Trà Vinh',	N'Nam',	'1981-08-02',	N'',	'22008054'),
('KH128',	N'Ngô Phúc',	N'Tuấn',	N'Ninh Thuận',	N'Nam',	'1975-04-29',	N'',	'22008893'),
('KH129',	N'Đỗ Xuân',	N'Huy',	N'Bạc Liêu',	N'Nam',	'1984-09-07',	N'',	'22009459'),
('KH130',	N'Phạm Văn',	N'Sơn',	N'Kon Tum',	N'Nam',	'1989-01-13',	N'',	'22009783'),
('KH131',	N'Lý Kinh',	N'Hoàng',	N'Bến Tre',	N'Nam',	'1983-08-30',	N'',	'22010607'),
('KH132',	N'Triệu Việt',	N'Thông',	N'Quảng Ngãi',	N'Nam',	'1972-05-30',	N'',	'22011219'),
('KH133',	N'Nguyễn Tiến',	N'Phú',	N'Bắc Kạn',	N'Nam',	'1972-02-10',	N'',	'22011233'),
('KH134',	N'Nguyễn Văn',	N'Toàn',	N'Bắc Giang',	N'Nam',	'1983-05-27',	N'',	'23000283'),
('KH135',	N'Nguyễn Thanh',	N'Thiện',	N'Hà Nam',	N'Nam',	'1981-07-16',	N'',	'23001103'),
('KH136',	N'Nguyễn Huy',	N'Thành',	N'Quảng Ninh',	N'Nam',	'1987-03-23',	N'',	'23001113'),
('KH137',	N'Trần Quang',	N'Bình',	N'Điện Biên',	N'Nam',	'1984-08-06',	N'',	'23001163'),
('KH138',	N'Vũ Thái',	N'Đông',	N'Thái Nguyên',	N'Nam',	'1972-12-10',	N'',	'23001323'),
('KH139',	N'Phan Minh',	N'Kiệt',	N'Kiên Giang',	N'Nam',	'1982-01-04',	N'',	'23002348'),
('KH140',	N'Phạm Văn',	N'Thái',	N'Long An',	N'Nam',	'1979-06-04',	N'',	'23003256'),
('KH141',	N'Giang Văn',	N'Toàn',	N'Hậu Giang',	N'Nam',	'1974-04-04',	N'',	'23007141'),
('KH142',	N'Trần Tuấn',	N'Bảo',	N'Tuyên Quang',	N'Nam',	'1972-11-25',	N'',	'23007931'),
('KH143',	N'Nguyễn Xuân',	N'Khôi',	N'Hải Phòng',	N'Nam',	'1983-05-31',	N'',	'24000061'),
('KH144',	N'Đoàn Văn',	N'Nhật',	N'Ninh Bình',	N'Nam',	'1981-04-02',	N'',	'24000147'),
('KH145',	N'Đỗ Minh',	N'Trọng ',	N'Phú Thọ',	N'Nam',	'1973-12-29',	N'',	'24000214'),
('KH146',	N'Nguyễn Huy',	N'Ngọc',	N'Trà Vinh',	N'Nam',	'1976-08-01',	N'',	'24000283'),
('KH147',	N'Nguyễn Bá',	N'Dũng ',	N'Hòa Bình',	N'Nam',	'1977-01-04',	N'',	'24000288'),
('KH148',	N'Vũ Thái',	N'Quyết',	N'Vĩnh Phúc',	N'Nam',	'1970-02-01',	N'',	'24003000'),
('KH149',	N'Nguyễn Tiến',	N'Huy',	N'Hà Nam',	N'Nam',	'1971-12-02',	N'',	'24004291'),
('KH150',	N'Đỗ Quang',	N'Ngọc',	N'Kiên Giang',	N'Nam',	'1986-07-02',	N'',	'24004617'),
('KH151',	N'Nguyễn Thành',	N'Trường',	N'Thanh Hóa',	N'Nam',	'1982-06-19',	N'',	'24004798'),
('KH152',	N'Vũ Hoàng',	N'Anh',	N'Bình Định',	N'Nam',	'1982-06-15',	N'',	'24005429'),
('KH153',	N'Đỗ Minh',	N'Thành',	N'Bà rịa – Vũng tàu',	N'Nam',	'1978-05-18',	N'',	'24007222'),
('KH154',	N'Phạm Đinh',	N'Bảo',	N'Tiền Giang',	N'Nam',	'1975-07-31',	N'',	'24007327'),
('KH155',	N'Lê Ngọc',	N'Tuân',	N'Thừa Thiên Huế',	N'Nam',	'1980-09-08',	N'',	'25000293'),
('KH156',	N'Nguyễn Thanh',	N'Bảo',	N'Đắk Lắk',	N'Nam',	'1971-04-20',	N'',	'25000303'),
('KH157',	N'Văn Doãn',	N'Hải',	N'Ninh Bình',	N'Nam',	'1971-04-05',	N'',	'25000395'),
('KH158',	N'Ngô Quang ',	N'Thắng',	N'Thành phố Hồ Chí Minh',	N'Nam',	'1976-10-28',	N'',	'25001045'),
('KH159',	N'Văn Doãn',	N'Đông',	N'Sơn La',	N'Nam',	'1981-11-05',	N'',	'25001480'),
('KH160',	N'Phạm Thanh',	N'Quyết',	N'Hà Nội ',	N'Nam',	'1976-03-05',	N'',	'25004039'),
('KH161',	N'Nguyễn Công',	N'Quyết',	N'Hà Tĩnh',	N'Nam',	'1977-05-03',	N'',	'25004062'),
('KH162',	N'Vũ Văn',	N'Huy',	N'Ninh Thuận',	N'Nam',	'1988-01-08',	N'',	'25004135'),
('KH163',	N'Lưu Duy',	N'Khôi',	N'Cà Mau',	N'Nam',	'1977-06-17',	N'',	'25005337'),
('KH164',	N'Nguyễn Công',	N'Tuấn',	N'Đắk Lắk',	N'Nam',	'1987-08-21',	N'',	'25005912'),
('KH165',	N'Vũ Ngọc',	N'Lộc',	N'Lâm Đồng',	N'Nam',	'1980-11-14',	N'',	'25006938'),
('KH166',	N'Vũ Văn',	N'Trung',	N'Sóc Trăng',	N'Nam',	'1976-11-02',	N'',	'25007163'),
('KH167',	N'Trần Tuấn',	N'Long',	N'Thanh Hóa',	N'Nam',	'1977-02-11',	N'',	'25007374'),
('KH168',	N'Lương Hải',	N'Trường',	N'Yên Bái',	N'Nam',	'1988-02-07',	N'',	'25007799'),
('KH169',	N'Đỗ Minh',	N'Phú',	N'Nam Định',	N'Nam',	'1975-04-27',	N'',	'25008013'),
('KH170',	N'Vũ Thái',	N'Nhật',	N'Phú Yên',	N'Nam',	'1972-08-10',	N'',	'25008019'),
('KH171',	N'Trần Quang',	N'Ngọc',	N'Thanh Hóa',	N'Nam',	'1980-12-27',	N'',	'25008083'),
('KH172',	N'Nguyễn Kim',	N'Thắng',	N'Yên Bái',	N'Nam',	'1973-12-24',	N'',	'25009285'),
('KH173',	N'Trần Tấn',	N'Thông',	N'Thừa Thiên Huế',	N'Nam',	'1986-08-01',	N'',	'25011000'),
('KH174',	N'Đỗ Xuân',	N'Anh',	N'Bà rịa – Vũng tàu',	N'Nam',	'1978-03-22',	N'',	'25011133'),
('KH175',	N'Nguyễn Bá',	N'Tuân',	N'Bắc Kạn',	N'Nam',	'1982-05-10',	N'',	'25011370'),
('KH176',	N'Giang Văn',	N'Hưng',	N'Vĩnh Long',	N'Nam',	'1984-11-23',	N'',	'25013314'),
('KH177',	N'Nguyễn Xuân',	N'Long',	N'Hải Phòng',	N'Nam',	'1986-01-18',	N'',	'25013378'),
('KH178',	N'Đỗ Cao',	N'Tuấn',	N'Gia Lai',	N'Nam',	'1976-05-09',	N'',	'25014127'),
('KH179',	N'Lương Hải',	N'Nhật',	N'Hậu Giang',	N'Nam',	'1985-08-05',	N'',	'25014687'),
('KH180',	N'Triệu Văn',	N'Dũng ',	N'Quảng Ngãi',	N'Nam',	'1984-06-09',	N'',	'25015039'),
('KH181',	N'Nguyễn Hữu',	N'Thành',	N'Thái Bình',	N'Nam',	'1986-02-23',	N'',	'25015947'),
('KH182',	N'Nguyễn Bá',	N'Trung',	N'Lâm Đồng',	N'Nam',	'1979-11-11',	N'',	'25016669'),
('KH183',	N'Bùi Nguyễn',	N'Bảo',	N'Bình Phước',	N'Nam',	'1980-07-13',	N'',	'25018541'),
('KH184',	N'Đoàn Văn',	N'Huy',	N'Bình Thuận',	N'Nam',	'1988-09-30',	N'',	'26000865'),
('KH185',	N'Nguyễn Bá',	N'Nhật',	N'Quảng Trị',	N'Nam',	'1970-01-26',	N'',	'26000958'),
('KH186',	N'Vũ Thái',	N'Trọng ',	N'Ninh Thuận',	N'Nam',	'1973-07-11',	N'',	'26000992'),
('KH187',	N'Trần Quang',	N'Kiệt',	N'Kiên Giang',	N'Nam',	'1979-09-09',	N'',	'26001091'),
('KH188',	N'Nguyễn Thanh',	N'Dũng ',	N'Quảng Ngãi',	N'Nam',	'1988-11-03',	N'',	'26001138'),
('KH189',	N'Vũ Thái',	N'Hoàng',	N'Lai Châu',	N'Nam',	'1975-08-31',	N'',	'26001174'),
('KH190',	N'Nguyễn Hữu',	N'Trọng ',	N'Cần Thơ',	N'Nam',	'1985-01-05',	N'',	'26001257'),
('KH191',	N'Trần Đào',	N'Thái',	N'Quảng Ngãi',	N'Nam',	'1973-01-09',	N'',	'26001261'),
('KH192',	N'Nguyễn Thành',	N'Thông',	N'Quảng Ninh',	N'Nam',	'1987-03-31',	N'',	'26002256'),
('KH193',	N'Phạm Thế',	N'Toàn',	N'Bình Thuận',	N'Nam',	'1981-04-18',	N'',	'26002413'),
('KH194',	N'Đoàn Văn',	N'Huy',	N'Yên Bái',	N'Nam',	'1975-06-14',	N'',	'26003265'),
('KH195',	N'Bùi Văn',	N'Bảo',	N'An Giang',	N'Nam',	'1980-01-28',	N'',	'26003849'),
('KH196',	N'Nguyễn Trung',	N'Long',	N'Sơn La',	N'Nam',	'1989-09-23',	N'',	'26004432'),
('KH197',	N'Nguyễn Văn',	N'Dũng ',	N'Sơn La',	N'Nam',	'1983-03-14',	N'',	'26004466'),
('KH198',	N'Nguyễn Tùng',	N'Thông',	N'Lâm Đồng',	N'Nam',	'1978-03-01',	N'',	'26004485'),
('KH199',	N'Vũ Ngọc',	N'Quyết',	N'Bình Thuận',	N'Nam',	'1987-07-19',	N'',	'26004588'),
('KH200',	N'Nguyễn Công',	N'Anh',	N'Long An',	N'Nam',	'1983-02-06',	N'',	'26004936'),
('KH201',	N'Nguyễn Xuân',	N'Phú',	N'Kiên Giang',	N'Nam',	'1981-04-24',	N'',	'26004951'),
('KH202',	N'Giang Văn',	N'Long',	N'Trà Vinh',	N'Nam',	'1981-06-02',	N'',	'26004961'),
('KH203',	N'Nguyễn Văn',	N'Bình',	N'Ninh Thuận',	N'Nam',	'1988-06-29',	N'',	'26004984'),
('KH204',	N'Nguyễn Trung',	N'Đông',	N'Vĩnh Long',	N'Nam',	'1976-06-14',	N'',	'26006580'),
('KH205',	N'Nguyễn Tùng',	N'Thành',	N'Tây Ninh',	N'Nam',	'1974-12-26',	N'',	'26006719'),
('KH206',	N'Nguyễn Thành',	N'Hoàng',	N'Vĩnh Phúc',	N'Nam',	'1985-03-03',	N'',	'26006878'),
('KH207',	N'Trần Tấn',	N'Trọng ',	N'Yên Bái',	N'Nam',	'1974-09-26',	N'',	'26007164'),
('KH208',	N'Bùi Xuân',	N'Kiệt',	N'Hà Giang',	N'Nam',	'1972-12-01',	N'',	'26007433'),
('KH209',	N'Trần Văn',	N'Tuấn',	N'Bình Thuận',	N'Nam',	'1983-09-27',	N'',	'26008830'),
('KH210',	N'Vũ Văn',	N'Kiệt',	N'Tiền Giang',	N'Nam',	'1978-05-26',	N'',	'26009154'),
('KH211',	N'Huỳnh Trọng ',	N'Trọng ',	N'Quảng Bình',	N'Nam',	'1982-06-14',	N'',	'26009430'),
('KH212',	N'Trần Văn',	N'Bình',	N'Thừa Thiên Huế',	N'Nam',	'1988-08-28',	N'',	'26009458'),
('KH213',	N'Ngô Quang ',	N'Nhật',	N'Nghệ An',	N'Nam',	'1973-04-21',	N'',	'26009598'),
('KH214',	N'Giang Văn',	N'Quyết',	N'Hà Tĩnh',	N'Nam',	'1983-06-27',	N'',	'26009908'),
('KH215',	N'Ngô Phúc',	N'Thông',	N'Quảng Ngãi',	N'Nam',	'1971-06-16',	N'',	'26010091'),
('KH216',	N'Ngô Quang ',	N'Thành',	N'Nam Định',	N'Nam',	'1980-01-26',	N'',	'26011358'),
('KH217',	N'Nguyễn Văn',	N'Bình',	N'Trà Vinh',	N'Nam',	'1973-01-08',	N'',	'26011677'),
('KH218',	N'Trần Tấn',	N'Hưng',	N'Cà Mau',	N'Nam',	'1975-05-29',	N'',	'26016630'),
('KH219',	N'Nguyễn Công',	N'Hiếu',	N'Vĩnh Phúc',	N'Nam',	'1980-02-14',	N'',	'26018475'),
('KH220',	N'Lương Hải',	N'Hải',	N'An Giang',	N'Nam',	'1977-12-27',	N'',	'26019166'),
('KH221',	N'Lê Ngọc',	N'Thông',	N'Sóc Trăng',	N'Nam',	'1973-10-14',	N'',	'26019621'),
('KH222',	N'Nguyễn Huy',	N'Dũng ',	N'Lai Châu',	N'Nam',	'1975-12-27',	N'',	'26020033'),
('KH223',	N'Nguyễn Tùng',	N'Anh',	N'Đắk Lắk',	N'Nam',	'1979-12-08',	N'',	'27000039'),
('KH224',	N'Triệu Việt',	N'Hoàng',	N'Thái Bình',	N'Nam',	'1988-12-06',	N'',	'27000377'),
('KH225',	N'Nguyễn Bá',	N'Sơn',	N'Hòa Bình',	N'Nam',	'1983-08-31',	N'',	'27000661'),
('KH226',	N'Trương Hải',	N'Trọng ',	N'Lai Châu',	N'Nam',	'1981-06-03',	N'',	'27001164'),
('KH227',	N'Nguyễn Kim',	N'Thắng',	N'Quảng Trị',	N'Nam',	'1971-08-14',	N'',	'27003259'),
('KH228',	N'Nguyễn Thanh',	N'Hoàng',	N'Yên Bái',	N'Nam',	'1984-09-20',	N'',	'27003304'),
('KH229',	N'Đỗ Minh',	N'Thiện',	N'Quảng Ninh',	N'Nam',	'1978-06-07',	N'',	'27003435'),
('KH230',	N'Trần Văn',	N'Bảo',	N'Đồng Nai',	N'Nam',	'1981-02-20',	N'',	'27003839'),
('KH231',	N'Nguyễn Minh',	N'Hoàng',	N'Sóc Trăng',	N'Nam',	'1976-06-10',	N'',	'27004897'),
('KH232',	N'Ngô Phúc',	N'Long',	N'Thái Nguyên',	N'Nam',	'1978-04-16',	N'',	'27005354'),
('KH233',	N'Trần Văn',	N'Huy',	N'Nam Định',	N'Nam',	'1974-07-23',	N'',	'27006283'),
('KH234',	N'Phan Minh',	N'Thái',	N'Đồng Tháp',	N'Nam',	'1989-06-30',	N'',	'27006350'),
('KH235',	N'Nguyễn Huy',	N'Long',	N'Hưng Yên',	N'Nam',	'1989-08-22',	N'',	'27006502'),
('KH236',	N'Văn Doãn',	N'Thái',	N'Thái Nguyên',	N'Nam',	'1972-09-13',	N'',	'27008581'),
('KH237',	N'Ngô Phúc',	N'Bình',	N'Hưng Yên',	N'Nam',	'1986-04-02',	N'',	'27009180'),
('KH238',	N'Nguyễn Tùng',	N'Phương',	N'Đồng Tháp',	N'Nam',	'1985-09-12',	N'',	'27009235'),
('KH239',	N'Đoàn Văn',	N'Dũng ',	N'Vĩnh Phúc',	N'Nam',	'1974-05-24',	N'',	'28000926'),
('KH240',	N'Đỗ Cao',	N'Kiệt',	N'Bình Định',	N'Nam',	'1985-06-29',	N'',	'28002317'),
('KH241',	N'Đỗ Xuân',	N'Hưng',	N'Đắk Lắk',	N'Nam',	'1972-10-09',	N'',	'28002608'),
('KH242',	N'Mai Việt',	N'Dũng ',	N'An Giang',	N'Nam',	'1989-02-08',	N'',	'28003225'),
('KH243',	N'Nguyễn Thành',	N'Thái',	N'Quảng Ninh',	N'Nam',	'1975-06-16',	N'',	'28003425'),
('KH244',	N'Nguyễn Công',	N'Phương',	N'Gia Lai',	N'Nam',	'1978-04-01',	N'',	'28004920'),
('KH245',	N'Đỗ Xuân',	N'Sơn',	N'Ninh Bình',	N'Nam',	'1970-08-19',	N'',	'28006614'),
('KH246',	N'Vũ Thái',	N'Toàn',	N'Quảng Ngãi',	N'Nam',	'1985-03-03',	N'',	'28008136'),
('KH247',	N'Vũ Hoàng',	N'Tuân',	N'Đắk Nông',	N'Nam',	'1986-09-24',	N'',	'28011827'),
('KH248',	N'Nguyễn Minh',	N'Thiện',	N'Gia Lai',	N'Nam',	'1976-10-14',	N'',	'28012148'),
('KH249',	N'Trần Tấn',	N'Tuấn',	N'Ninh Bình',	N'Nam',	'1973-02-28',	N'',	'28012264'),
('KH250',	N'Nguyễn Đình',	N'Toàn',	N'Ninh Bình',	N'Nam',	'1977-09-15',	N'',	'28013730'),
('KH251',	N'Ngô Quang ',	N'Hiếu',	N'Bắc Giang',	N'Nam',	'1971-03-22',	N'',	'28013799'),
('KH252',	N'Trần Tấn',	N'Bảo',	N'Thái Nguyên',	N'Nam',	'1988-08-29',	N'',	'28014082'),
('KH253',	N'Vũ Thái',	N'Thành',	N'Đà Nẵng',	N'Nam',	'1975-07-11',	N'',	'28016472'),
('KH254',	N'Phạm Văn',	N'Hoàng',	N'Sóc Trăng',	N'Nam',	'1987-04-13',	N'',	'28017020'),
('KH255',	N'Đỗ Cao',	N'Khôi',	N'Quảng Bình',	N'Nam',	'1984-09-08',	N'',	'28017633'),
('KH256',	N'Triệu Việt',	N'Lộc',	N'Khánh Hòa',	N'Nam',	'1983-11-02',	N'',	'28018631'),
('KH257',	N'Đoàn Văn',	N'Trọng ',	N'Cần Thơ',	N'Nam',	'1979-04-17',	N'',	'28018782'),
('KH258',	N'Vũ Thái',	N'Anh',	N'Vĩnh Long',	N'Nam',	'1971-01-04',	N'',	'28019175'),
('KH259',	N'Huỳnh Trọng ',	N'Tuấn',	N'Bắc Giang',	N'Nam',	'1970-06-24',	N'',	'28020863'),
('KH260',	N'Huỳnh Trọng ',	N'Dũng ',	N'Thành phố Hồ Chí Minh',	N'Nam',	'1973-10-26',	N'',	'28020864'),
('KH261',	N'Trương Hải',	N'Huy',	N'Tuyên Quang',	N'Nam',	'1974-05-26',	N'',	'28021169'),
('KH262',	N'Lý Kinh',	N'Hải',	N'Hải Dương',	N'Nam',	'1979-09-22',	N'',	'28021347'),
('KH263',	N'Trần Đào',	N'Bảo',	N'Tuyên Quang',	N'Nam',	'1983-03-04',	N'',	'28022754'),
('KH264',	N'Triệu Việt',	N'Bảo',	N'Cao Bằng ',	N'Nam',	'1972-02-27',	N'',	'28024166'),
('KH265',	N'Phạm Đinh',	N'Lộc',	N'Phú Thọ',	N'Nam',	'1989-03-07',	N'',	'28024311'),
('KH266',	N'Nguyễn Kim',	N'Quyết',	N'Trà Vinh',	N'Nam',	'1976-07-19',	N'',	'28025036'),
('KH267',	N'Ngô Quang ',	N'Khôi',	N'Phú Yên',	N'Nam',	'1987-10-12',	N'',	'28027705'),
('KH268',	N'Vũ Thái',	N'Trung',	N'Hà Tĩnh',	N'Nam',	'1974-07-17',	N'',	'28027792'),
('KH269',	N'Lê Trần',	N'Trọng ',	N'Phú Thọ',	N'Nam',	'1977-01-15',	N'',	'28028521'),
('KH270',	N'Nguyễn Thành',	N'Phú',	N'Bắc Ninh',	N'Nam',	'1970-09-06',	N'',	'28029407'),
('KH271',	N'Lê Ngọc',	N'Phương',	N'Đắk Lắk',	N'Nam',	'1984-06-28',	N'',	'28029525'),
('KH272',	N'Nguyễn Thanh',	N'Hải',	N'Đắk Lắk',	N'Nam',	'1971-05-18',	N'',	'28030472'),
('KH273',	N'Ngô Quang ',	N'Hải',	N'An Giang',	N'Nam',	'1978-05-28',	N'',	'28030492'),
('KH274',	N'Đoàn Văn',	N'Nhật',	N'Cà Mau',	N'Nam',	'1977-03-17',	N'',	'28031771'),
('KH275',	N'Huỳnh Trọng ',	N'Hưng',	N'Bà rịa – Vũng tàu',	N'Nam',	'1972-06-20',	N'',	'28032058'),
('KH276',	N'Nguyễn Đình',	N'Hoàng',	N'Quảng Nam',	N'Nam',	'1982-04-23',	N'',	'28032294'),
('KH277',	N'Đỗ Minh',	N'Quyết',	N'Lạng Sơn',	N'Nam',	'1989-01-18',	N'',	'28033429'),
('KH278',	N'Nguyễn Tiến',	N'Quyết',	N'Gia Lai',	N'Nam',	'1971-04-06',	N'',	'28033445'),
('KH279',	N'Triệu Việt',	N'Thái',	N'Hưng Yên',	N'Nam',	'1980-10-13',	N'',	'28034286'),
('KH280',	N'Hà Việt',	N'Thiện',	N'Quảng Ninh',	N'Nam',	'1984-11-12',	N'',	'29000289'),
('KH281',	N'Nguyễn Thành',	N'Phú',	N'Bà rịa – Vũng tàu',	N'Nam',	'1981-04-19',	N'',	'29000501'),
('KH282',	N'Nguyễn Tùng',	N'Bình',	N'Vĩnh Long',	N'Nam',	'1973-12-21',	N'',	'29000546'),
('KH283',	N'Lý Kinh',	N'Toàn',	N'Cà Mau',	N'Nam',	'1986-04-30',	N'',	'29000679'),
('KH284',	N'Lưu Duy',	N'Hoàng',	N'Bến Tre',	N'Nam',	'1980-05-12',	N'',	'29001132'),
('KH285',	N'Bùi Văn',	N'Trọng ',	N'Quảng Bình',	N'Nam',	'1974-10-24',	N'',	'29001908'),
('KH286',	N'Đỗ Minh',	N'Trọng ',	N'Phú Yên',	N'Nam',	'1985-04-19',	N'',	'29001984'),
('KH287',	N'Bùi Nguyễn',	N'Hiếu',	N'Bà rịa – Vũng tàu',	N'Nam',	'1979-12-21',	N'',	'29002155'),
('KH288',	N'Nguyễn Trung',	N'Toàn',	N'Đồng Tháp',	N'Nam',	'1989-08-11',	N'',	'29002599'),
('KH289',	N'Nguyễn Đức',	N'Thái',	N'Ninh Thuận',	N'Nam',	'1986-10-09',	N'',	'29004429'),
('KH290',	N'Nguyễn Huy',	N'Trung',	N'Đắk Lắk',	N'Nam',	'1983-04-10',	N'',	'29004482'),
('KH291',	N'Bùi Nguyễn',	N'Thái',	N'Long An',	N'Nam',	'1979-09-14',	N'',	'29004551'),
('KH292',	N'Hà Việt',	N'Bảo',	N'Lâm Đồng',	N'Nam',	'1979-09-14',	N'',	'29004700'),
('KH293',	N'Phùng Hoàng',	N'Hiếu',	N'Bình Thuận',	N'Nam',	'1988-12-30',	N'',	'29005027'),
('KH294',	N'Nguyễn Đình',	N'Bình',	N'Hà Nội ',	N'Nam',	'1973-12-16',	N'',	'29005121'),
('KH295',	N'Đặng Đình',	N'Thiện',	N'Quảng Trị',	N'Nam',	'1989-11-04',	N'',	'29005328'),
('KH296',	N'Ngô Quang ',	N'Trọng ',	N'Thành phố Hồ Chí Minh',	N'Nam',	'1983-01-20',	N'',	'29005505'),
('KH297',	N'Phan Thanh',	N'Đông',	N'Thanh Hóa',	N'Nam',	'1985-02-01',	N'',	'29006224'),
('KH298',	N'Lưu Duy',	N'Thắng',	N'Lai Châu',	N'Nam',	'1983-06-09',	N'',	'29006515'),
('KH299',	N'Lưu Duy',	N'Huy',	N'Bắc Kạn',	N'Nam',	'1982-10-08',	N'',	'29006655'),
('KH300',	N'Vũ Thái',	N'Dũng ',	N'Thái Nguyên',	N'Nam',	'1973-07-16',	N'',	'29007344'),
('KH301',	N'Nguyễn Trung',	N'Hiếu',	N'Thái Bình',	N'Nam',	'1986-10-11',	N'',	'29007988'),
('KH302',	N'Nguyễn Thành',	N'Trường',	N'Thái Bình',	N'Nam',	'1975-02-18',	N'',	'29009327'),
('KH303',	N'Trần Tấn',	N'Hưng',	N'Phú Yên',	N'Nam',	'1980-06-20',	N'',	'29009936'),
('KH304',	N'Phan Minh',	N'Thông',	N'Đắk Lắk',	N'Nam',	'1985-10-28',	N'',	'29010045'),
('KH305',	N'Mai Việt',	N'Thái',	N'Bình Phước',	N'Nam',	'1974-05-14',	N'',	'29010228'),
('KH306',	N'Trần Tấn',	N'Ngọc',	N'Bắc Giang',	N'Nam',	'1985-05-21',	N'',	'29010363'),
('KH307',	N'Phùng Hoàng',	N'Phú',	N'Bắc Giang',	N'Nam',	'1986-05-13',	N'',	'29011089'),
('KH308',	N'Lý Kinh',	N'Kiệt',	N'An Giang',	N'Nam',	'1983-06-03',	N'',	'29011802'),
('KH309',	N'Lương Hải',	N'Dũng ',	N'Hà Nam',	N'Nam',	'1973-08-31',	N'',	'29017023'),
('KH310',	N'Nguyễn Đức',	N'Thắng',	N'Bạc Liêu',	N'Nam',	'1987-12-01',	N'',	'29017047'),
('KH311',	N'Lê Trần',	N'Trường',	N'Thành phố Hồ Chí Minh',	N'Nam',	'1978-01-16',	N'',	'29017203'),
('KH312',	N'Phạm Thế',	N'Khôi',	N'Yên Bái',	N'Nam',	'1987-09-15',	N'',	'29017990'),
('KH313',	N'Lê Ngọc',	N'Thành',	N'Kon Tum',	N'Nam',	'1976-11-21',	N'',	'29018299'),
('KH314',	N'Trần Tấn',	N'Lộc',	N'Cao Bằng ',	N'Nam',	'1985-10-17',	N'',	'29019074'),
('KH315',	N'Đỗ Quang',	N'Nhật',	N'Bình Định',	N'Nam',	'1970-05-24',	N'',	'29019261'),
('KH316',	N'Vũ Văn',	N'Hoàng',	N'Lào Cai',	N'Nam',	'1973-07-24',	N'',	'29019483'),
('KH317',	N'Phạm Văn',	N'Sơn',	N'An Giang',	N'Nam',	'1982-06-24',	N'',	'29020504'),
('KH318',	N'Đoàn Văn',	N'Anh',	N'Lai Châu',	N'Nam',	'1984-10-09',	N'',	'29020542'),
('KH319',	N'Trương Hải',	N'Sơn',	N'Lào Cai',	N'Nam',	'1972-01-04',	N'',	'29022703'),
('KH320',	N'Đoàn Văn',	N'Quyết',	N'Hà Giang',	N'Nam',	'1983-03-14',	N'',	'29022833'),
('KH321',	N'Nguyễn Minh',	N'Hoàng',	N'Lâm Đồng',	N'Nam',	'1977-05-10',	N'',	'29023664'),
('KH322',	N'Nguyễn Hữu',	N'Thái',	N'Thành phố Hồ Chí Minh',	N'Nam',	'1982-11-03',	N'',	'29023794'),
('KH323',	N'Hà Việt',	N'Ngọc',	N'Yên Bái',	N'Nam',	'1978-08-28',	N'',	'29024035'),
('KH324',	N'Lê Trần',	N'Khôi',	N'Bình Thuận',	N'Nam',	'1982-09-02',	N'',	'29024108'),
('KH325',	N'Vũ Ngọc',	N'Khôi',	N'Hưng Yên',	N'Nam',	'1989-05-03',	N'',	'29024250'),
('KH326',	N'Nguyễn Xuân',	N'Thắng',	N'Cà Mau',	N'Nam',	'1975-07-06',	N'',	'29024264'),
('KH327',	N'Đặng Đình',	N'Huy',	N'An Giang',	N'Nam',	'1974-01-10',	N'',	'29024529'),
('KH328',	N'Nguyễn Bá',	N'Anh',	N'Bình Định',	N'Nam',	'1988-08-15',	N'',	'29025683'),
('KH329',	N'Phạm Thanh',	N'Anh',	N'Bình Định',	N'Nam',	'1979-05-04',	N'',	'29025916'),
('KH330',	N'Ngô Phúc',	N'Sơn',	N'Kon Tum',	N'Nam',	'1989-01-16',	N'',	'29026953'),
('KH331',	N'Bùi Văn',	N'Thiện',	N'Hưng Yên',	N'Nam',	'1976-09-21',	N'',	'29027049'),
('KH332',	N'Văn Doãn',	N'Đông',	N'Lâm Đồng',	N'Nam',	'1989-07-12',	N'',	'29029299'),
('KH333',	N'Đặng Đình',	N'Phương',	N'Phú Yên',	N'Nam',	'1975-10-06',	N'',	'29029302'),
('KH334',	N'Vũ Văn',	N'Long',	N'Quảng Bình',	N'Nam',	'1984-07-11',	N'',	'29029756'),
('KH335',	N'Lương Hải',	N'Đông',	N'Bạc Liêu',	N'Nam',	'1982-05-24',	N'',	'29029767'),
('KH336',	N'Lê Ngọc',	N'Lộc',	N'Hà Tĩnh',	N'Nam',	'1981-11-23',	N'',	'29029810'),
('KH337',	N'Trần Tấn',	N'Thành',	N'Kon Tum',	N'Nam',	'1971-01-09',	N'',	'29031101'),
('KH338',	N'Trương Hải',	N'Lộc',	N'Hải Dương',	N'Nam',	'1979-09-03',	N'',	'29031466'),
('KH339',	N'Đặng Đình',	N'Anh',	N'Ninh Bình',	N'Nam',	'1984-02-23',	N'',	'30000035'),
('KH340',	N'Đoàn Văn',	N'Huy',	N'Thừa Thiên Huế',	N'Nam',	'1988-03-10',	N'',	'30000490'),
('KH341',	N'Đỗ Quang',	N'Thiện',	N'Trà Vinh',	N'Nam',	'1988-10-29',	N'',	'30002262'),
('KH342',	N'Lương Hải',	N'Huy',	N'Yên Bái',	N'Nam',	'1976-04-27',	N'',	'30003255'),
('KH343',	N'Phùng Hoàng',	N'Hiếu',	N'Hòa Bình',	N'Nam',	'1979-01-07',	N'',	'30004469'),
('KH344',	N'Đỗ Quang',	N'Nhật',	N'Thanh Hóa',	N'Nam',	'1989-03-19',	N'',	'30004646'),
('KH345',	N'Triệu Việt',	N'Hiếu',	N'Quảng Nam',	N'Nam',	'1975-01-04',	N'',	'30004658'),
('KH346',	N'Nguyễn Thành',	N'Quyết',	N'Trà Vinh',	N'Nam',	'1970-07-24',	N'',	'30004718'),
('KH347',	N'Nguyễn Đình',	N'Bảo',	N'Lai Châu',	N'Nam',	'1987-05-09',	N'',	'30004931'),
('KH348',	N'Nguyễn Xuân',	N'Thiện',	N'Lạng Sơn',	N'Nam',	'1977-02-01',	N'',	'30006376'),
('KH349',	N'Phạm Văn',	N'Phương',	N'Thừa Thiên Huế',	N'Nam',	'1985-08-17',	N'',	'30009295'),
('KH350',	N'Hà Việt',	N'Hiếu',	N'Cao Bằng ',	N'Nam',	'1985-02-13',	N'',	'30010835'),
('KH351',	N'Mai Việt',	N'Tuấn',	N'Cà Mau',	N'Nam',	'1989-11-05',	N'',	'30011572'),
('KH352',	N'Đỗ Quang',	N'Quyết',	N'Kon Tum',	N'Nam',	'1977-07-10',	N'',	'30011774'),
('KH353',	N'Hà Việt',	N'Phương',	N'Cần Thơ',	N'Nam',	'1981-04-23',	N'',	'30012055'),
('KH354',	N'Văn Doãn',	N'Long',	N'Đà Nẵng',	N'Nam',	'1975-03-12',	N'',	'30012179'),
('KH355',	N'Nguyễn Kim',	N'Bình',	N'Hải Phòng',	N'Nam',	'1976-09-20',	N'',	'30013995'),
('KH356',	N'Trần Tấn',	N'Phương',	N'Bình Dương',	N'Nam',	'1970-06-05',	N'',	'30014117'),
('KH357',	N'Nguyễn Thanh',	N'Hiếu',	N'Đà Nẵng',	N'Nam',	'1971-05-21',	N'',	'30014893'),
('KH358',	N'Triệu Việt',	N'Hiếu',	N'Hưng Yên',	N'Nam',	'1974-11-09',	N'',	'30015255'),
('KH359',	N'Nguyễn Thành',	N'Hải',	N'Điện Biên',	N'Nam',	'1982-11-11',	N'',	'30016332'),
('KH360',	N'Nguyễn Thanh',	N'Tuấn',	N'Cà Mau',	N'Nam',	'1976-07-21',	N'',	'31003333'),
('KH361',	N'Phùng Hoàng',	N'Tuấn',	N'Thành phố Hồ Chí Minh',	N'Nam',	'1984-04-24',	N'',	'31008756'),
('KH362',	N'Lưu Duy',	N'Tuấn',	N'Bà rịa – Vũng tàu',	N'Nam',	'1976-08-19',	N'',	'31009458'),
('KH363',	N'Nguyễn Tiến',	N'Trung',	N'Hà Tĩnh',	N'Nam',	'1980-09-15',	N'',	'32000678'),
('KH364',	N'Trương Hải',	N'Long',	N'Cao Bằng ',	N'Nam',	'1975-09-19',	N'',	'32000703'),
('KH365',	N'Đoàn Văn',	N'Thắng',	N'Cao Bằng ',	N'Nam',	'1988-12-16',	N'',	'32000769'),
('KH366',	N'Nguyễn Đình',	N'Nhật',	N'Bạc Liêu',	N'Nam',	'1975-10-12',	N'',	'32000838'),
('KH367',	N'Giang Văn',	N'Bảo',	N'Ninh Thuận',	N'Nam',	'1974-04-14',	N'',	'32001628'),
('KH368',	N'Lý Hoàng',	N'Bảo',	N'Cà Mau',	N'Nam',	'1981-01-12',	N'',	'32002216'),
('KH369',	N'Nguyễn Minh',	N'Phú',	N'Hậu Giang',	N'Nam',	'1984-02-17',	N'',	'32002291'),
('KH370',	N'Bùi Xuân',	N'Hải',	N'Hòa Bình',	N'Nam',	'1981-05-21',	N'',	'32002844'),
('KH371',	N'Nguyễn Thành',	N'Phương',	N'Cao Bằng ',	N'Nam',	'1988-10-25',	N'',	'32002862'),
('KH372',	N'Ngô Quang ',	N'Huy',	N'Tuyên Quang',	N'Nam',	'1988-11-20',	N'',	'32002902'),
('KH373',	N'Trần Văn',	N'Lộc',	N'Kiên Giang',	N'Nam',	'1985-04-16',	N'',	'32006348'),
('KH374',	N'Nguyễn Công',	N'Long',	N'Thành phố Hồ Chí Minh',	N'Nam',	'1974-08-31',	N'',	'32007705'),
('KH375',	N'Phạm Đinh',	N'Tuân',	N'Hà Nam',	N'Nam',	'1988-02-12',	N'',	'32007830'),
('KH376',	N'Lương Hải',	N'Dũng ',	N'Hòa Bình',	N'Nam',	'1984-01-31',	N'',	'33001269'),
('KH377',	N'Triệu Văn',	N'Thiện',	N'Vĩnh Phúc',	N'Nam',	'1975-03-15',	N'',	'33001344'),
('KH378',	N'Huỳnh Trọng ',	N'Hiếu',	N'Hải Dương',	N'Nam',	'1984-08-22',	N'',	'33003089'),
('KH379',	N'Nguyễn Trung',	N'Ngọc',	N'Hà Tĩnh',	N'Nam',	'1984-09-10',	N'',	'33003995'),
('KH380',	N'Lê Ngọc',	N'Hưng',	N'Bạc Liêu',	N'Nam',	'1980-05-12',	N'',	'33007965'),
('KH381',	N'Mai Việt',	N'Quyết',	N'Ninh Bình',	N'Nam',	'1980-01-12',	N'',	'34003927'),
('KH382',	N'Hà Việt',	N'Đông',	N'Quảng Bình',	N'Nam',	'1974-06-12',	N'',	'34004049'),
('KH383',	N'Văn Doãn',	N'Lộc',	N'Lạng Sơn',	N'Nam',	'1989-04-04',	N'',	'34006475'),
('KH384',	N'Đỗ Xuân',	N'Đông',	N'Phú Thọ',	N'Nam',	'1979-12-19',	N'',	'34010129'),
('KH385',	N'Giang Văn',	N'Thành',	N'Kon Tum',	N'Nam',	'1981-06-03',	N'',	'34014098'),
('KH386',	N'Bùi Văn',	N'Khôi',	N'Thái Bình',	N'Nam',	'1986-11-22',	N'',	'35003480'),
('KH387',	N'Đỗ Minh',	N'Thái',	N'Quảng Ngãi',	N'Nam',	'1988-06-24',	N'',	'35012297'),
('KH388',	N'Đặng Đình',	N'Lộc',	N'Vĩnh Long',	N'Nam',	'1978-11-13',	N'',	'36002824'),
('KH389',	N'Bùi Nguyễn',	N'Bảo',	N'Bình Dương',	N'Nam',	'1989-12-07',	N'',	'36002908'),
('KH390',	N'Phạm Thế',	N'Anh',	N'Bắc Giang',	N'Nam',	'1987-05-27',	N'',	'36002913'),
('KH391',	N'Đỗ Cao',	N'Hoàng',	N'Phú Thọ',	N'Nam',	'1987-12-21',	N'',	'36003539'),
('KH392',	N'Bùi Văn',	N'Trường',	N'Đồng Nai',	N'Nam',	'1986-09-30',	N'',	'37003344'),
('KH393',	N'Nguyễn Thanh',	N'Hoàng',	N'Hà Giang',	N'Nam',	'1971-11-08',	N'',	'37005913'),
('KH394',	N'Lý Kinh',	N'Thái',	N'Trà Vinh',	N'Nam',	'1986-03-07',	N'',	'37013614'),
('KH395',	N'Đỗ Minh',	N'Trọng ',	N'Cà Mau',	N'Nam',	'1983-01-19',	N'',	'37015228'),
('KH396',	N'Lương Hải',	N'Huy',	N'Khánh Hòa',	N'Nam',	'1989-11-26',	N'',	'38001562'),
('KH397',	N'Trần Đào',	N'Phương',	N'Quảng Trị',	N'Nam',	'1977-03-04',	N'',	'38004474'),
('KH398',	N'Bùi Xuân',	N'Hải',	N'Bắc Kạn',	N'Nam',	'1971-10-22',	N'',	'38004831'),
('KH399',	N'Đỗ Xuân',	N'Thành',	N'Kon Tum',	N'Nam',	'1984-05-05',	N'',	'38007856'),
('KH400',	N'Bùi Văn',	N'Toàn',	N'Bắc Giang',	N'Nam',	'1979-09-29',	N'',	'38009642'),
('KH401',	N'Đoàn Văn',	N'Long',	N'Cần Thơ',	N'Nam',	'2005-06-04',	N'Hoàng Anh Chiến',	'38010241'),
('KH402',	N'Đỗ Minh',	N'Quyết',	N'Bình Dương',	N'Nam',	'2009-10-16',	N'Phan Duy Thắng',	'38010268'),
('KH403',	N'Trần Đào',	N'Tuân',	N'Tây Ninh',	N'Nam',	'2017-09-26',	N'Nguyễn Bá Khánh',	'38011491'),
('KH404',	N'Ngô Phúc',	N'Thái',	N'Hưng Yên',	N'Nam',	'2013-07-12',	N'Lê Nguyên Long',	'38012543'),
('KH405',	N'Nguyễn Văn',	N'Hưng',	N'Long An',	N'Nam',	'2018-01-11',	N'Nguyễn Dỹ Hồng Quân',	'39007353'),
('KH406',	N'Đỗ Quang',	N'Đông',	N'Cà Mau',	N'Nam',	'2013-03-24',	N'Hoàng Văn Toản',	'40000398'),
('KH407',	N'Triệu Việt',	N'Long',	N'Kon Tum',	N'Nam',	'2019-05-01',	N'Phạm Ngọc Tứ',	'40001041'),
('KH408',	N'Triệu Việt',	N'Anh',	N'Bình Thuận',	N'Nam',	'2005-06-10',	N'Lê Vĩnh Tiến Đạt',	'40003100'),
('KH409',	N'Bùi Văn',	N'Long',	N'Lạng Sơn',	N'Nam',	'2009-08-13',	N'Nguyễn Thanh Hoàng',	'40005902'),
('KH410',	N'Vũ Thái',	N'Anh',	N'Vĩnh Phúc',	N'Nam',	'2006-11-29',	N'Nguyễn Minh Quang',	'40006037'),
('KH411',	N'Lương Hải',	N'Trường',	N'Bạc Liêu',	N'Nam',	'2007-07-13',	N'Văn Thành Quý',	'40007792'),
('KH412',	N'Nguyễn Văn',	N'Phú',	N'Ninh Bình',	N'Nam',	'2012-07-25',	N'Phạm Ngọc Thành',	'40009483'),
('KH413',	N'Nguyễn Trung',	N'Thiện',	N'Bình Phước',	N'Nam',	'2019-04-21',	N'Hoàng Thanh Nhất',	'40011287'),
('KH414',	N'Phạm Văn',	N'Long',	N'Kon Tum',	N'Nam',	'2012-05-31',	N'Cao Văn Phương',	'40011752'),
('KH415',	N'Đoàn Văn',	N'Thành',	N'Bắc Ninh',	N'Nam',	'2008-07-10',	N'Lê Đức Thường',	'40013299'),
('KH416',	N'Đỗ Cao',	N'Phú',	N'Tuyên Quang',	N'Nam',	'2013-03-06',	N'Đoàn Viết Dũng',	'40014689'),
('KH417',	N'Nguyễn Thành',	N'Dũng ',	N'Hậu Giang',	N'Nam',	'2005-12-05',	N'Hồ Tấn Hoàng',	'40014759'),
('KH418',	N'Lý Kinh',	N'Thiện',	N'Thanh Hóa',	N'Nam',	'2017-10-30',	N'Trần Thanh Hải',	'40015043'),
('KH419',	N'Đặng Đình',	N'Thiện',	N'Quảng Ninh',	N'Nam',	'2014-03-13',	N'Hồ Ngọc Huấn',	'40015148'),
('KH420',	N'Đỗ Xuân',	N'Đông',	N'Nghệ An',	N'Nam',	'2013-11-19',	N'Nguyễn Văn Dư',	'40015158'),
('KH421',	N'Đỗ Quang',	N'Tuấn',	N'Thái Bình',	N'Nam',	'2006-07-15',	N'Nguyễn Phan TIến Long',	'40015200'),
('KH422',	N'Mai Việt',	N'Trọng ',	N'Nghệ An',	N'Nam',	'2006-06-08',	N'Lương Thị Hương Giang',	'40015478'),
('KH423',	N'Trần Tấn',	N'Bình',	N'Bà rịa – Vũng tàu',	N'Nam',	'2006-10-26',	N'Nguyễn Nhật Minh',	'40016355'),
('KH424',	N'Lê Ngọc',	N'Kiệt',	N'Đà Nẵng',	N'Nam',	'2019-10-23',	N'Võ Trịnh Anh Khoa',	'41003779'),
('KH425',	N'Nguyễn Công',	N'Sơn',	N'Hà Nội ',	N'Nam',	'2008-09-03',	N'Trương Hà Đông',	'42004892'),
('KH426',	N'Hà Việt',	N'Sơn',	N'Lai Châu',	N'Nam',	'2011-08-15',	N'Nguyễn Thanh Huy',	'42008744'),
('KH427',	N'Huỳnh Trọng ',	N'Dũng ',	N'Lào Cai',	N'Nam',	'2008-01-11',	N'Nguyễn Hoàng Đức',	'42010072'),
('KH428',	N'Nguyễn Xuân',	N'Lộc',	N'Phú Thọ',	N'Nam',	'2006-12-26',	N'Nguyễn Đức Nam',	'43001592'),
('KH429',	N'Đỗ Quang',	N'Ngọc',	N'Lào Cai',	N'Nam',	'2017-11-05',	N'Phạm Văn Quang',	'43003085'),
('KH430',	N'Nguyễn Hữu',	N'Anh',	N'Quảng Ngãi',	N'Nam',	'2018-12-18',	N'Lưu Trung Quốc',	'43003248'),
('KH431',	N'Nguyễn Đức',	N'Bảo',	N'Lào Cai',	N'Nam',	'2009-11-12',	N'Vũ Ngọc Khánh',	'43007693'),
('KH432',	N'Phạm Văn',	N'Hải',	N'Cà Mau',	N'Nam',	'2009-09-08',	N'Nguyễn Ngọc Tiến',	'45004075'),
('KH433',	N'Lương Hải',	N'Trường',	N'Hà Tĩnh',	N'Nam',	'2012-09-30',	N'Phạm Công Phán',	'46002706'),
('KH434',	N'Đỗ Quang',	N'Long',	N'Long An',	N'Nam',	'2017-12-30',	N'Phan Thanh Tùng',	'49002812'),
('KH435',	N'Phạm Thanh',	N'Dũng ',	N'Bến Tre',	N'Nam',	'2007-07-18',	N'Nguyễn Vũ Hoài Nam',	'50008617'),
('KH436',	N'Văn Doãn',	N'Hưng',	N'Lạng Sơn',	N'Nam',	'2005-10-06',	N'Trần Xuân Thành',	'51005277'),
('KH437',	N'Trương Hải',	N'Tuân',	N'Quảng Ninh',	N'Nam',	'2006-03-31',	N'Phùng Thế Sinh',	'51013701'),
('KH438',	N'Triệu Văn',	N'Kiệt',	N'Tây Ninh',	N'Nam',	'2018-01-18',	N'Văn Doãn Ái',	'52000431'),
('KH439',	N'Lê Ngọc',	N'Bảo',	N'Đắk Nông',	N'Nam',	'2014-06-15',	N'Đỗ Quang Tuấn',	'52007013'),
('KH440',	N'Trần Quang',	N'Trường',	N'Bình Phước',	N'Nam',	'2010-08-29',	N'Lê Ngọc Hưng',	'54002458'),
('KH441',	N'Nguyễn Đức',	N'Thành',	N'Thành phố Hồ Chí Minh',	N'Nam',	'2011-07-24',	N'Vũ Thị Ngọc Ánh',	'54013438'),
('KH442',	N'Vũ Thái',	N'Khôi',	N'Lâm Đồng',	N'Nam',	'2013-04-02',	N'Nguyễn Hoàng Dũng',	'55008721'),
('KH443',	N'Nguyễn Kim',	N'Long',	N'Đắk Nông',	N'Nam',	'2005-03-31',	N'Đặng Đình Hiếu',	'56011233'),
('KH444',	N'Phùng Hoàng',	N'Sơn',	N'Hà Nội ',	N'Nam',	'2014-07-22',	N'Nguyễn Xuân Hiếu',	'57001808'),
('KH445',	N'Nguyễn Thanh',	N'Huy',	N'Vĩnh Long',	N'Nam',	'2013-06-22',	N'Phạm Đinh Thanh Hoàng',	'57002072'),
('KH446',	N'Đoàn Văn',	N'Long',	N'Long An',	N'Nam',	'2019-01-11',	N'Nguyễn Anh Quốc',	'59003828'),
('KH447',	N'Nguyễn Bá',	N'Trọng ',	N'Lào Cai',	N'Nam',	'2011-09-20',	N'Nguyễn Thành Thắng',	'61002010'),
('KH448',	N'Triệu Văn',	N'Đông',	N'Thái Bình',	N'Nam',	'2007-05-04',	N'Nguyễn Minh Hiếu',	'61002297'),
('KH449',	N'Trần Quang',	N'Thắng',	N'Tuyên Quang',	N'Nam',	'2011-09-19',	N'Hoàng Trọng Hùng',	'62000890'),
('KH450',	N'Nguyễn Trung',	N'Tuân',	N'Lào Cai',	N'Nam',	'2013-09-12',	N'Trần Thăng Long',	'63004030'),
('KH451',	N'Đỗ Thị',	N'Giang',	N'Vĩnh Phúc',	N'Nữ',	'1983-02-24',	N'',	'15008430'),
('KH452',	N'Hoàng Thị',	N'Trang',	N'Hậu Giang',	N'Nữ',	'1988-11-19',	N'',	'15008525'),
('KH453',	N'Bùi Thị',	N'Bảo Anh',	N'Cà Mau',	N'Nữ',	'1985-06-21',	N'',	'15008544'),
('KH454',	N'Hoàng Thị',	N'Thoa',	N'Quảng Ninh',	N'Nữ',	'1988-06-19',	N'',	'15009937'),
('KH455',	N'Hoàng Thị',	N'Thảo',	N'Cao Bằng ',	N'Nữ',	'1981-06-20',	N'',	'15012357'),
('KH456',	N'Trịnh Thị',	N'Diệu Anh',	N'Nghệ An',	N'Nữ',	'1974-06-10',	N'',	'16000107'),
('KH457',	N'Đỗ Thị',	N'Thoa',	N'Hà Nam',	N'Nữ',	'1970-01-21',	N'',	'16001572'),
('KH458',	N'Trần Thị',	N'Thảo',	N'Đắk Lắk',	N'Nữ',	'1974-05-05',	N'',	'16002719'),
('KH459',	N'Lương Thị',	N'Ánh',	N'Kon Tum',	N'Nữ',	'1973-04-13',	N'',	'16003217'),
('KH460',	N'Trần Thị',	N'Diệp',	N'Tuyên Quang',	N'Nữ',	'1986-04-12',	N'',	'16003234'),
('KH461',	N'Đỗ Thị',	N'Hà',	N'Bắc Kạn',	N'Nữ',	'1975-10-21',	N'',	'16003280'),
('KH462',	N'Trịnh Thị',	N'Liên',	N'Lai Châu',	N'Nữ',	'1974-06-13',	N'',	'16003528'),
('KH463',	N'Bùi Thị',	N'Lê',	N'Kiên Giang',	N'Nữ',	'1985-07-18',	N'',	'16003575'),
('KH464',	N'Hoàng Thị',	N'Bảo Anh',	N'Hải Phòng',	N'Nữ',	'1987-10-27',	N'',	'16003599'),
('KH465',	N'Bùi Thị',	N'Liên',	N'Đắk Lắk',	N'Nữ',	'1987-02-01',	N'',	'16004240'),
('KH466',	N'Nông Thị',	N'Lê',	N'Tây Ninh',	N'Nữ',	'1988-04-25',	N'',	'16006782'),
('KH467',	N'Triệu Thuý',	N'Ánh',	N'Quảng Nam',	N'Nữ',	'1987-01-09',	N'',	'16009759'),
('KH468',	N'Vũ Thị',	N'Thắm',	N'Sóc Trăng',	N'Nữ',	'1978-04-07',	N'',	'16010188'),
('KH469',	N'Lương Thị',	N'Hằng',	N'Tây Ninh',	N'Nữ',	'1982-05-28',	N'',	'16010191'),
('KH470',	N'Đỗ Thị',	N'Bảo Anh',	N'Điện Biên',	N'Nữ',	'1986-03-06',	N'',	'16010201'),
('KH471',	N'Trần Thị',	N'Diệp',	N'Hải Dương',	N'Nữ',	'1971-09-14',	N'',	'16011114'),
('KH472',	N'Trần Thị',	N'Linh',	N'Lai Châu',	N'Nữ',	'1986-06-16',	N'',	'16012167'),
('KH473',	N'Bùi Thị',	N'Trang',	N'Cao Bằng ',	N'Nữ',	'1974-04-21',	N'',	'17002707'),
('KH474',	N'Nguyễn Thị',	N'Thắm',	N'Thái Nguyên',	N'Nữ',	'1971-07-22',	N'',	'17004252'),
('KH475',	N'Hoàng Thị',	N'Thoa',	N'Thừa Thiên Huế',	N'Nữ',	'1984-08-03',	N'',	'17013850'),
('KH476',	N'Đỗ Thị',	N'Hằng',	N'Tây Ninh',	N'Nữ',	'1976-10-25',	N'',	'17013852'),
('KH477',	N'Hoàng Thị',	N'Hằng',	N'Hà Nam',	N'Nữ',	'1977-08-17',	N'',	'18000024'),
('KH478',	N'Trần Thị',	N'Hằng',	N'Quảng Ngãi',	N'Nữ',	'1987-02-22',	N'',	'18001163'),
('KH479',	N'Trịnh Thị',	N'Vân',	N'Yên Bái',	N'Nữ',	'1987-05-08',	N'',	'18004108'),
('KH480',	N'Vũ Thị',	N'Thảo',	N'Tây Ninh',	N'Nữ',	'1982-08-17',	N'',	'18004184'),
('KH481',	N'Bùi Thị',	N'Vân',	N'Lâm Đồng',	N'Nữ',	'1984-05-01',	N'',	'18004948'),
('KH482',	N'Triệu Thuý',	N'Linh',	N'Phú Thọ',	N'Nữ',	'1987-05-02',	N'',	'18007130'),
('KH483',	N'Hoàng Thị',	N'Linh',	N'Kon Tum',	N'Nữ',	'1985-05-16',	N'',	'18008307'),
('KH484',	N'Nguyễn Thị',	N'Hoàng Anh',	N'Điện Biên',	N'Nữ',	'1979-09-23',	N'',	'18009387'),
('KH485',	N'Đỗ Thị',	N'Vân',	N'Thái Nguyên',	N'Nữ',	'1980-04-02',	N'',	'18009511'),
('KH486',	N'Đỗ Thị',	N'Hoàng Anh',	N'Vĩnh Long',	N'Nữ',	'1975-07-20',	N'',	'18011281'),
('KH487',	N'Trịnh Thị',	N'Hoàng Anh',	N'Ninh Thuận',	N'Nữ',	'1980-11-30',	N'',	'18013942'),
('KH488',	N'Lưu Thị',	N'Duyên',	N'Thái Nguyên',	N'Nữ',	'1980-02-17',	N'',	'18017601'),
('KH489',	N'Lương Thị',	N'Bảo Anh',	N'Hà Nam',	N'Nữ',	'1973-10-20',	N'',	'18017828'),
('KH490',	N'Trần Thị',	N'Diệp',	N'Nam Định',	N'Nữ',	'1985-05-23',	N'',	'19000019'),
('KH491',	N'Đỗ Thị',	N'Linh',	N'Điện Biên',	N'Nữ',	'1988-12-04',	N'',	'19003191'),
('KH492',	N'Lương Thị',	N'Thơm',	N'Phú Thọ',	N'Nữ',	'1973-12-21',	N'',	'19003466'),
('KH493',	N'Triệu Thuý',	N'Hoàng Anh',	N'Khánh Hòa',	N'Nữ',	'1985-10-22',	N'',	'19003658'),
('KH494',	N'Trần Thị',	N'Liên',	N'Hòa Bình',	N'Nữ',	'1981-09-13',	N'',	'19003745'),
('KH495',	N'Hoàng Thị',	N'Diệp',	N'Đồng Nai',	N'Nữ',	'1985-09-26',	N'',	'19010492'),
('KH496',	N'Triệu Thuý',	N'Thắm',	N'Thanh Hóa',	N'Nữ',	'1983-10-16',	N'',	'19010639'),
('KH497',	N'Trịnh Thị',	N'Duyên',	N'Bà rịa – Vũng tàu',	N'Nữ',	'1989-04-16',	N'',	'19010805'),
('KH498',	N'Nguyễn Thị',	N'Hà',	N'Thái Nguyên',	N'Nữ',	'1986-09-15',	N'',	'19012413'),
('KH499',	N'Bùi Thị',	N'Giang',	N'Điện Biên',	N'Nữ',	'1984-01-21',	N'',	'19014366'),
('KH500',	N'Trần Thị',	N'Diệu Anh',	N'Đà Nẵng',	N'Nữ',	'1970-09-06',	N'',	'21000004')